city,lng,iso2,population
Tokyo,139.6922,JP,37732000
Jakarta,106.8275,ID,33756000
Delhi,77.23,IN,32226000
Guangzhou,113.26,CN,26940000
Mumbai,72.8775,IN,24973000
Manila,120.9772,PH,24922000
Shanghai,121.4747,CN,24073000
São Paulo,-46.6333,BR,23086000
Seoul,126.99,KR,23016000
Mexico City,-99.1333,MX,21804000
Cairo,31.2358,EG,20296000
New York,-73.9249,US,18908608
Dhaka,90.3889,BD,18627000
Beijing,116.3975,CN,18522000
Kolkāta,88.37,IN,18502000
Bangkok,100.4942,TH,18007000
Shenzhen,114.0596,CN,17619000
Moscow,37.6172,RU,17332000
Buenos Aires,-58.3817,AR,16710000
Lagos,3.3841,NG,16637000
Istanbul,28.955,TR,16079000
Karachi,67.01,PK,15738000
Bangalore,77.5917,IN,15386000
Ho Chi Minh City,106.7019,VN,15136000
Ōsaka,135.5022,JP,15126000
Chengdu,104.0633,CN,14645000
Tehran,51.3889,IR,14148000
Kinshasa,15.3119,CD,12836000
Rio de Janeiro,-43.2056,BR,12592000
Chennai,80.275,IN,12395000
Xi’an,108.9422,CN,12328000
Lahore,74.3436,PK,12306000
Chongqing,106.5504,CN,12135000
Los Angeles,-118.4068,US,11922389
Baoding,115.464,CN,11544036
London,-0.1275,GB,11262000
Paris,2.3522,FR,11060000
Linyi,118.3564,CN,11018365
Dongguan,113.752,CN,10646000
Hyderābād,78.4747,IN,10494000
Tianjin,117.2054,CN,10368000
Lima,-77.0375,PE,10320000
Wuhan,114.3046,CN,10251000
Nanyang,112.5292,CN,9713112
Hangzhou,120.153,CN,9523000
Foshan,113.1216,CN,9498863
Nagoya,136.9,JP,9197000
Tongshan,117.284,CN,9083790
Luanda,13.2344,AO,9051000
Zhoukou,114.6418,CN,9026015
Ganzhou,114.933,CN,8970014
Kuala Lumpur,101.6953,MY,8911000
Heze,115.4796,CN,8795939
Quanzhou,118.6757,CN,8782285
Johannesburg,28.0456,ZA,8500000
Chicago,-87.6866,US,8497759
Nanjing,118.7789,CN,8422000
Jining,116.5871,CN,8357897
Hanoi,105.85,VN,8246600
Pune,73.8567,IN,8231000
Fuyang,115.814,CN,8200264
Ahmedabad,72.5714,IN,8009000
Bogotá,-74.0722,CO,7968095
Shenyang,123.4281,CN,7964000
Dar es Salaam,39.2803,TZ,7962000
Khartoum,32.5,SD,7869000
Shangqiu,115.656,CN,7816831
Hong Kong,114.2,HK,7450000
Cangzhou,116.8387,CN,7300783
Riyadh,46.7167,SA,7237000
Santiago,-70.6506,CL,7171000
Xingtai,114.5048,CN,7111106
Zhumadian,114.022,CN,7008427
Chattogram,91.8325,BD,7000000
Surabaya,112.7378,ID,6998000
Zhanjiang,110.3575,CN,6981236
Bijie,105.292,CN,6899636
Yancheng,120.1626,CN,6709629
Hengyang,112.572,CN,6645243
Zunyi,107.031,CN,6606675
Shaoyang,111.4679,CN,6563520
Sūrat,72.8311,IN,6538000
Shangrao,117.9431,CN,6435300
Xinyang,114.091,CN,6234401
Madrid,-3.7033,ES,6211000
Baghdad,44.3661,IQ,6183000
Maoming,110.9255,CN,6174050
Jieyang,116.3727,CN,6089400
Miami,-80.2101,US,6080145
Singapore,103.8,SG,5983000
Houston,-95.3885,US,5970127
Liaocheng,115.9852,CN,5952128
Huanggang,114.8724,CN,5882719
Dalian,121.6,CN,5871474
Dallas,-96.7667,US,5830932
Qingdao,120.3827,CN,5818255
Yulin,110.181,CN,5796766
Douala,9.7,CM,5768400
Qujing,103.796,CN,5765775
Nangandao,113.9268,CN,5708191
Philadelphia,-75.1339,US,5683533
Pudong,121.5064,CN,5681512
Toronto,-79.3733,CA,5647656
Zhengzhou,113.684,CN,5621593
Dezhou,116.359,CN,5611194
Nanchong,106.1106,CN,5607565
Jinan,117.0207,CN,5606374
Giza,31.2118,EG,5598402
Nairobi,36.8172,KE,5545000
Guadalajara,-103.3475,MX,5525000
Ankara,32.85,TR,5503985
Tai’an,117.087,CN,5472217
Langfang,116.6835,CN,5464087
Dazhou,107.4678,CN,5385422
Saint Petersburg,30.3086,RU,5384342
Monterrey,-100.3,MX,5341171
Belo Horizonte,-43.9333,BR,5328000
Suzhou,116.9683,CN,5324476
Yongzhou,111.613,CN,5289824
Changde,111.699,CN,5279102
Xiangyang,112.122,CN,5260951
Rangoon,96.16,MM,5209541
Atlanta,-84.422,US,5180179
Washington,-77.0163,US,5116378
Zhaotong,103.717,CN,5092611
Zhangzhou,117.647,CN,5054328
Melbourne,144.9631,AU,5031195
Yichun,114.417,CN,5007702
Bozhou,115.7742,CN,4996844
Suqian,118.2831,CN,4986192
Abidjan,-4.0333,CI,4980000
Ji’an,114.9668,CN,4956600
Guilin,110.296,CN,4931137
Pingdingshan,113.2999,CN,4904701
Berlin,13.405,DE,4890363
Alexandria,29.8925,EG,4870000
Mianyang,104.679,CN,4868243
Sydney,151.21,AU,4840600
Huanglongsi,114.345,CN,4824016
Barcelona,2.1769,ES,4800000
Yuncheng,111.007,CN,4774508
Cape Town,18.4239,ZA,4770313
Changsha,112.939,CN,4766296
Jeddah,39.1728,SA,4697000
Weinan,109.471,CN,4688744
Chenzhou,113.016,CN,4667134
Jiangmen,113.0815,CN,4630300
Jiujiang,115.954,CN,4600276
Xinpu,119.2214,CN,4599360
Yibin,104.643,CN,4588804
Huaihua,110.0016,CN,4587594
Yangzhou,119.4363,CN,4559797
Taizhou,119.9229,CN,4512762
Kunming,102.7094,CN,4422686
Yiyang,112.356,CN,4413800
Changchun,125.326,CN,4408154
Lu’an,116.52,CN,4393699
Jiangguanchi,113.8201,CN,4379998
Meizhou,116.122,CN,4378800
Ürümqi,87.6125,CN,4335017
Suzhou,120.6194,CN,4330000
Boston,-71.0852,US,4328315
İzmir,27.14,TR,4320519
Guigang,109.599,CN,4316262
Shantou,116.682,CN,4312192
Kabul,69.1783,AF,4273156
Xiaoganzhan,113.957,CN,4270371
Bamako,-8.0028,ML,4227569
Luzhou,105.442,CN,4218427
Hefei,117.2273,CN,4216940
Hengshui,115.669,CN,4212933
Fortaleza,-38.5275,BR,4167996
Anqing,117.1153,CN,4165284
Liuzhou,109.4281,CN,4157934
Zhangjiakou,114.886,CN,4118908
Zhaoqing,112.4667,CN,4113594
Shijiazhuang,114.51,CN,4098243
Ningbo,121.6245,CN,4087523
Qiqihar,123.9182,CN,4067489
Phoenix,-112.0892,US,4064275
Fuzhou,116.358,CN,4047200
Chifeng,118.888,CN,4035967
Xiaoxita,111.287,CN,4017607
Amman,35.9328,JO,4007526
Chuzhou,118.333,CN,3987054
Linfen,111.519,CN,3976481
Qingyuan,113.056,CN,3969473
Xianyang,108.7088,CN,3959842
Loudi,111.9944,CN,3931800
Binzhou,117.971,CN,3928568
Zhuzhou,113.133,CN,3902738
Taiyuan,112.5497,CN,3875053
Nanning,108.3275,CN,3837978
Harbin,126.6409,CN,3830000
Abuja,7.4833,NG,3770000
Yokohama,139.6381,JP,3757630
Suihua,126.969,CN,3756167
Zaozhuang,117.3238,CN,3729140
Detroit,-83.1024,US,3725908
Xiamen,118.0889,CN,3707090
Neijiang,105.058,CN,3702847
Montréal,-73.5617,CA,3675219
Fuzhou,119.2964,CN,3671192
Baicheng,106.619,CN,3669400
Wuhu,118.4331,CN,3644420
Yulinshi,109.7341,CN,3634750
Medan,98.6739,ID,3632000
Wenzhou,120.6993,CN,3604446
Changzhou,119.974,CN,3601079
Puyang,115.0292,CN,3598740
Jiaozuo,113.2419,CN,3590700
Nanchang,115.858,CN,3576547
Seattle,-122.3244,US,3561397
Ibadan,3.9167,NG,3552000
Casablanca,-7.5833,MA,3499000
Kumasi,-1.625,GH,3490030
Deyang,104.398,CN,3456161
Busan,129.075,KR,3453198
Hohhot,111.749,CN,3446100
Hechi,108.085,CN,3417945
Algiers,3.0589,DZ,3415811
Tangshan,118.1739,CN,3399231
Shiyan,110.7987,CN,3398000
Lucknow,80.95,IN,3382000
Mashhad,59.5433,IR,3372090
San Francisco,-122.4449,US,3364979
Boankra,-1.4028,GH,3348000
Dubai,55.2972,AE,3331420
Anshan,122.994,CN,3325372
Baojishi,107.238,CN,3321853
Qinzhou,108.654,CN,3304400
Guiyang,106.63,CN,3299724
Bengbu,117.389,CN,3296408
Bazhou,106.748,CN,3283148
Suining,105.593,CN,3252619
Wuxi,120.312,CN,3245179
Kotla Qasim Khan,73.75,PK,3219375
Hanzhong,107.0232,CN,3211462
Putian,119.0078,CN,3210714
Zhenjiang,119.424,CN,3210418
Guang’an,106.6326,CN,3205476
Faisalabad,73.0911,PK,3203846
Changzhi,113.117,CN,3180884
Tongren,109.1895,CN,3168800
Leshan,103.766,CN,3160168
Santa Cruz de la Sierra,-63.1975,BO,3151676
Qinhuangdao,119.5202,CN,3146300
Jaipur,75.8,IN,3073350
Xinzhou,112.734,CN,3067501
Lanzhou,103.8268,CN,3067141
Wuzhou,111.279,CN,3061100
Athens,23.7281,GR,3059764
San Diego,-117.1222,US,3046560
Addis Ababa,38.74,ET,3041002
Taichung,120.6794,TW,3033885
Huainan,117.0194,CN,3033528
Guatemala City,-90.5353,GT,3014000
Kuwait City,47.9783,KW,3000000
Budapest,19.0514,HU,2997958
Qincheng,105.7311,CN,2984659
Rizhao,119.527,CN,2968365
Quezon City,121.0475,PH,2960048
Sanaa,44.2064,YE,2957000
Tashkent,69.2797,UZ,2956384
Kyiv,30.5233,UA,2952301
Meishan,103.8484,CN,2950545
Incheon,126.6333,KR,2936117
Birmingham,-1.9025,GB,2919600
Ningde,119.5477,CN,2910000
Zhongshan,113.3925,CN,2909633
Weihai,122.1205,CN,2906548
Bursa,29.05,TR,2901396
Minneapolis,-93.2678,US,2892569
Mbuji-Mayi,23.6,CD,2892000
Haikou,110.3488,CN,2873358
Tongliao,122.243,CN,2873168
Chaoyang,120.453,CN,2872857
La Paz,-68.1333,BO,2867504
Pyongyang,125.7475,KP,2863000
Tampa,-82.4447,US,2861173
Shaoguan,113.597,CN,2855131
Heyuan,114.7002,CN,2837686
Brasília,-47.8828,BR,2817068
Omdurman,32.4833,SD,2805396
Malang,112.62,ID,2795209
Stuttgart,9.18,DE,2787724
Daqing,125.104,CN,2781562
Rome,12.4828,IT,2748109
Brooklyn,-73.9496,US,2736074
Kaohsiung,120.2975,TW,2733964
Xiangtan,112.9454,CN,2726181
Longyan,117.017,CN,2723637
Baotou,109.9532,CN,2709378
Handan,114.487,CN,2708015
Jinzhou,121.148,CN,2703853
Kanpur,80.3319,IN,2701324
Denver,-104.8758,US,2687458
Nanping,118.1774,CN,2680645
Gāzipura,90.375,BD,2674697
Shanwei,115.3756,CN,2672819
Chaozhou,116.622,CN,2656600
Guayaquil,-79.8875,EC,2650288
Weifang,119.162,CN,2636154
Huai’an,119.113,CN,2632788
Zibo,118.055,CN,2631647
Ankang,109.029,CN,2629906
Mogadishu,45.3419,SO,2610483
Munich,11.575,DE,2606021
Gulou,119.298,CN,2606000
Taipei,121.5625,TW,2603150
Bekasi,106.9923,ID,2590257
Damascus,36.2919,SY,2584771
Sanming,117.6389,CN,2580000
Yangjiang,111.983,CN,2555600
Jiamusi,130.319,CN,2552097
Luohe,114.0109,CN,2544266
Medellín,-75.5906,CO,2529403
Dingxi,104.592,CN,2524097
Shaoxing,120.5833,CN,2521964
Yantai,121.4478,CN,2511053
Huizhou,114.416,CN,2509243
Lishui,119.923,CN,2507396
Xuanzhou,118.759,CN,2500063
Khowrhesht,49.6872,IR,2500000
Mirzāpur,82.569,IN,2496970
Zigong,104.779,CN,2489256
Hamburg,10,DE,2484800
Guangyuan,105.844,CN,2484122
Cali,-76.5222,CO,2471474
Huangshi,115.039,CN,2469079
Xining,101.7804,CN,2467965
Lusaka,28.2833,ZM,2467563
Ouagadougou,-1.5275,BF,2453496
Yaoundé,11.5167,CM,2440462
Zhuhai,113.5769,CN,2439585
Huludao,120.837,CN,2434194
Baoshan,99.161,CN,2431211
Mecca,39.8233,SA,2427924
Vancouver,-123.1,CA,2426160
Lianshan,120.828,CN,2426000
Beirut,35.5057,LB,2421354
Salvador,-38.4767,BR,2418005
Bucharest,26.1039,RO,2412530
Longba,104.9603,CN,2407272
Nāgpur,79.0806,IN,2405665
Queens,-73.7976,US,2405464
Jilin,126.5481,CN,2396000
Tieling,123.726,CN,2388294
Accra,-0.2,GH,2388000
Yunfu,112.0445,CN,2383350
Bekasi Kota,107,ID,2381053
Daegu,128.6017,KR,2376044
Ghāziābād,77.42,IN,2375820
Luoyang,112.4539,CN,2372571
Brisbane,153.0281,AU,2360241
Anshun,105.9476,CN,2353100
Riverside,-117.3949,US,2332836
Yingkou,122.219,CN,2328582
Colombo,79.8428,LK,2323826
Yanjiang,104.627,CN,2308631
Baku,49.8822,AZ,2300500
Antananarivo,47.525,MG,2300000
Mudanjiang,129.6329,CN,2290208
Fukuoka,130.4017,JP,2286000
Yan’an,109.494,CN,2282581
Jincheng,112.852,CN,2279146
Nantong,120.894,CN,2261382
Lincang,100.089,CN,2257991
Yuxi,102.527,CN,2249502
Las Vegas,-115.2654,US,2248047
Caracas,-66.9036,VE,2245744
Tangerang,106.6403,ID,2237006
Laibin,109.2212,CN,2233900
Konya,32.4833,TR,2232374
Supaul,86.605,IN,2229076
Vienna,16.3725,AT,2223236
Eşfahān,51.6675,IR,2219343
Baltimore,-76.6144,US,2196524
Shengli,118.6746,CN,2193518
Dandong,124.3833,CN,2188436
Qinbaling,107.64,CN,2179716
Gaoping,106.1281,CN,2174000
Awka,7.0678,NG,2171900
Taizhou,121.4208,CN,2162461
Ma’anshan,118.507,CN,2159930
Harare,31.0522,ZW,2150000
Perth,115.8606,AU,2141834
St. Louis,-90.2451,US,2130881
Phnom Penh,104.9211,KH,2129371
Depok,106.8225,ID,2123349
Stockholm,18.0686,SE,2121000
Puning,116.166,CN,2118200
Huaibei,116.798,CN,2114276
Kowloon,114.1833,HK,2108419
Córdoba,-64.1833,AR,2106734
Haiphong,106.6838,VN,2103500
Zamboanga City,122.0761,PH,2100000
Chongzuo,107.365,CN,2099400
Rawalpindi,73.0333,PK,2098231
Portland,-122.65,US,2095808
Kano,8.5167,NG,2095000
Yushan,120.985,CN,2092496
Havana,-82.3589,CU,2089532
Hezhou,111.5672,CN,2072600
Pingliang,106.6649,CN,2068033
Vadodara,73.2,IN,2065771
Manaus,-60.0217,BR,2063547
Qingyang,118.5517,CN,2061600
San Antonio,-98.5238,US,2058444
Rājkot,70.7833,IN,2043000
Shangzhou,109.9244,CN,2041231
Vishākhapatnam,83.2978,IN,2035922
Sanmenxia,111.2004,CN,2034872
Baicheng,122.838,CN,2032356
Gujranwala,74.19,PK,2027001
Aleppo,37.16,SY,2003671
Tijuana,-117.0333,MX,2002000
Bamenda,10.1517,CM,2000000
Minsk,27.5667,BY,1995471
Indore,75.8472,IN,1994397
Karaj,50.9489,IR,1973470
Kananga,22.4488,CD,1971704
Peshawar,71.5675,PK,1970042
Sapporo,141.3544,JP,1959313
Sacramento,-121.4685,US,1957738
Tilburg,5.0833,NL,1944588
Pingxiang,113.887,CN,1933200
Ecatepec,-99.06,MX,1929926
Almaty,76.915,KZ,1916822
Austin,-97.7522,US,1905945
Yinchuan,106.225,CN,1901793
Santos,-46.325,BR,1897551
Blantyre,35.0058,MW,1895973
Thāne,72.9722,IN,1886941
Orlando,-81.337,US,1882705
Tainan,120.1833,TW,1874686
Xiping,113.2981,CN,1873000
Multan,71.4697,PK,1871843
Santa Cruz,-63.1833,BO,1867673
Port Harcourt,7.0336,NG,1865000
Jixi,130.969,CN,1862165
Fushun,123.957,CN,1861372
Warsaw,21.0111,PL,1860281
Beihai,109.12,CN,1853227
Fuxin,121.67,CN,1819339
Wuwei,102.638,CN,1815059
Siping,124.3506,CN,1814733
San Juan,-66.061,PR,1814587
Mersin,34.6333,TR,1814468
Bhopāl,77.4126,IN,1798218
Mosul,43.13,IQ,1792000
Lubumbashi,27.4794,CD,1786397
Davao,125.6,PH,1776949
Curitiba,-49.2711,BR,1773733
San Jose,-121.848,US,1771413
Shuyangzha,118.7734,CN,1770000
Adana,35.3213,TR,1765981
Quito,-78.5125,EC,1763275
Pittsburgh,-79.9763,US,1749091
Brazzaville,15.2711,CG,1733263
Hyderabad City,68.3683,PK,1732693
Diyarbakır,40.24,TR,1732396
Indianapolis,-86.1458,US,1729849
Pimpri-Chinchwad,73.8037,IN,1727692
Masqaţ,58.4083,OM,1720000
Montevideo,-56.1819,UY,1719453
Shuozhou,112.4329,CN,1714857
Manhattan,-73.9662,US,1694263
Cincinnati,-84.506,US,1692702
Kansas City,-94.5541,US,1689556
Patna,85.1376,IN,1684222
Tegucigalpa,-87.2047,HN,1682725
Kampala,32.5811,UG,1680600
Cleveland,-81.6805,US,1680247
Sanzhou,108.4,CN,1680000
Changshu,120.753,CN,1677050
Heihe,127.521,CN,1673899
Conakry,-13.7122,GN,1667864
Ximeicun,118.3849,CN,1663542
Caloocan City,120.97,PH,1661584
Masvingo,30.8328,ZW,1638528
Zhongli,121.2168,TW,1632616
Novosibirsk,82.95,RU,1625631
Bilāspur,82.15,IN,1625502
Semarang,110.4225,ID,1621384
Jingdezhen,117.1986,CN,1618979
Ludhiāna,75.85,IN,1618879
Liaoyang,123.176,CN,1604580
Chengtangcun,117.15,CN,1603659
Rājshāhi,88.6,BD,1600000
Balandougou,-9.5517,ML,1596882
Jiangyin,120.295,CN,1595138
Valencia,-0.3764,ES,1595000
Āgra,78.02,IN,1585704
León de los Aldama,-101.6833,MX,1579803
Puebla,-98.1833,MX,1576259
Columbus,-82.9855,US,1572546
Yopougon,-4.0667,CI,1571065
Hebi,114.297,CN,1569208
Shīrāz,52.5425,IR,1565572
Madurai,78.1198,IN,1561129
Huzhou,120.0875,CN,1558826
Tabrīz,46.3006,IR,1558693
Jamshedpur,86.1842,IN,1558000
Maracaibo,-71.6333,VE,1551539
Sofia,23.33,BG,1547779
San José,-84.08,CR,1543000
Prayagraj,81.8464,IN,1536218
Palembang,104.7556,ID,1535952
Kawasaki,139.7,JP,1531646
Kōbe,135.1956,JP,1521707
Jiaxing,120.756,CN,1518654
Kigali,30.0594,RW,1518632
Zhangjiajie,110.479,CN,1517027
Baiyin,104.1389,CN,1512110
Guiping,110.0833,CN,1511011
Lianjiang,110.2833,CN,1509400
Jianguang,115.7833,CN,1507402
Yucheng,103.0415,CN,1507258
Xushan,121.2333,CN,1502000
Panama City,-79.5167,PA,1500189
Nneyi-Umuleri,6.8333,NG,1500000
Leizhou,110.0967,CN,1494700
Gwangju,126.8486,KR,1490092
Katako-Kombe,24.42,CD,1488922
Recife,-34.9,BR,1488920
Nāsik,73.7898,IN,1486053
Valencia,-68,VE,1484430
Onitsha,6.7833,NG,1483000
Abu Dhabi,54.3667,AE,1483000
Zapopan,-103.4,MX,1476491
Daejeon,127.385,KR,1475221
Bronx,-73.8662,US,1472654
Yekaterinburg,60.6128,RU,1468833
Huazhou,112.087,CN,1468061
Jinhua,119.647,CN,1463990
Kyōto,135.7683,JP,1463723
Amsterdam,4.8936,NL,1459402
Pizhou,117.89,CN,1458038
Kismaayo,42.5453,SO,1458000
Yangshe,120.556,CN,1447600
Virginia Beach,-76.0435,US,1443020
Dakar,-17.4467,SN,1438725
Goiânia,-49.25,BR,1437237
Charlotte,-80.8303,US,1427444
Rui’an,120.625,CN,1424667
Muscat,58.5922,OM,1421409
Kharkiv,36.2311,UA,1421125
Wenling,121.3667,CN,1416199
Gaozhou,110.8422,CN,1414100
Farīdābād,77.3078,IN,1414050
Medina,39.61,SA,1411599
Khulna,89.55,BD,1400689
Ulaanbaatar,106.9172,MN,1396288
Fuqing,119.3833,CN,1390487
Kayseri,35.4875,TR,1389680
Tel Aviv-Yafo,34.78,IL,1388400
Wuzhong,106.1986,CN,1382713
Pingdu,119.9884,CN,1378900
Sangereng,106.7181,ID,1378466
Yangquan,113.5804,CN,1368502
Samsun,36.3336,TR,1368488
Yutan,112.552,CN,1368117
Copenhagen,12.5683,DK,1366301
Helsinki,24.9375,FI,1360075
Prague,14.4214,CZ,1357326
Milan,9.19,IT,1354196
Auckland,174.74,NZ,1346091
Santiago,-70.6889,DO,1343423
Chizhou,117.4916,CN,1342764
Makassar,119.4362,ID,1338663
Liangshi,111.7442,CN,1335900
Porto Alegre,-51.23,BR,1332570
Huangshan,118.3376,CN,1330565
Barranquilla,-74.8019,CO,1326588
Al Başrah,47.81,IQ,1326564
Benxi,123.685,CN,1326018
Saitama,139.6456,JP,1325843
Guarulhos,-46.5328,BR,1324781
Juárez,-106.485,MX,1321004
Mandalay,96.0844,MM,1319452
Xintai,117.768,CN,1315942
Wusong,117.7667,CN,1311726
Calgary,-114.0667,CA,1306784
Meerut,77.71,IN,1305429
Yushu,126.55,CN,1304436
Belém,-48.5039,BR,1303389
Kuaidamao,125.9397,CN,1302778
Huazhou,110.6396,CN,1302100
Baishan,126.4147,CN,1296127
Adelaide,138.6,AU,1295714
Haicheng,122.6852,CN,1293877
Milwaukee,-87.9675,US,1290940
Providence,-71.4187,US,1290271
Jacksonville,-81.6749,US,1288298
Yicheng,119.815,CN,1285785
Cacuaco,13.2444,AO,1279488
Porto,-8.622,PT,1278210
Rosario,-60.6394,AR,1276000
Canagatan,121.8,PH,1273219
Soweto,27.8585,ZA,1271628
Bagam,104.0531,ID,1269820
Jabalpur,79.9333,IN,1267564
Rucheng,120.591,CN,1267066
Huaiyin,119.028,CN,1264000
Dublin,-6.2603,IE,1263219
Kazan,49.1089,RU,1259173
Dayan,100.2259,CN,1253878
Shaoyang,119.8526,CN,1253548
Balıkesir,27.8833,TR,1250610
Comayagüela,-87.21,HN,1250000
Laiwu,117.6667,CN,1248636
Sharjah,55.3908,AE,1247749
Jingling,113.167,CN,1247400
Kalyān,73.1602,IN,1246381
Nizhniy Novgorod,44.0075,RU,1244254
Yongcheng,116.45,CN,1240382
Sumedang,107.9208,ID,1240000
Cần Thơ,105.7833,VN,1237300
Brussels,4.3525,BE,1235192
Suwon,127.0167,KR,1234300
Yiwu,120.0753,CN,1234015
Beidao,105.918,CN,1225000
Vasai-Virar,72.7956,IN,1221233
Xiangshui,104.8314,CN,1221000
Dadukou,101.7184,CN,1214121
Campinas,-47.0608,BR,1213792
Lingcheng,110.35,CN,1211637
Shuangyashan,131.1416,CN,1208803
Mombasa,39.6667,KE,1208333
Najafgarh,76.9798,IN,1203180
Xinyu,114.9167,CN,1202499
Qom,50.8764,IR,1201158
Baidoa,43.65,SO,1200000
Hargeysa,44.0675,SO,1200000
Zhangye,100.4499,CN,1199515
Vārānasi,83.0128,IN,1198491
Hiroshima,132.4519,JP,1198021
Chiang Mai,98.9986,TH,1198000
Belgrade,20.46,RS,1197714
Maiduguri,13.15,NG,1197497
Chelyabinsk,61.3758,RU,1196680
Batam Centre,104.0531,ID,1196396
Rongcheng,104.103,CN,1189813
Mbandaka,18.2558,CD,1187837
Doha,51.5333,QA,1186023
Ahvāz,48.6783,IR,1184788
Shymkent,69.5958,KZ,1184113
Tripoli,13.1914,LY,1183000
Srīnagar,74.79,IN,1180570
Nashville,-86.7842,US,1177657
Liaoyuan,125.1447,CN,1176239
Aurangābād,75.32,IN,1175116
Cilacap,109.017,ID,1174964
Salt Lake City,-111.9311,US,1173879
Omsk,73.3667,RU,1172070
Pikine,-17.4,SN,1170791
Samara,50.1408,RU,1169719
Guankou,113.6433,CN,1168056
Bandar Lampung,105.2667,ID,1166761
Raleigh,-78.6429,US,1163152
Lianyuan,111.664,CN,1162928
Rongcheng,112.9048,CN,1162770
Dhanbād,86.4305,IN,1162472
Nay Pyi Taw,96.115,MM,1160242
Aba,7.3667,NG,1160000
Kaiyuan,113.86,CN,1160000
Zhuji,120.2333,CN,1157938
Yingtan,117.0395,CN,1154223
Edmonton,-113.4903,CA,1151635
Leiyang,112.8598,CN,1151554
Ulsan,129.3167,KR,1150116
Yichun,128.841,CN,1148126
Benin City,5.6222,NG,1147188
Bujumbura,29.3667,BI,1143202
Guyuan,106.257,CN,1142142
Xiantao,113.443,CN,1140100
Rostov,39.71,RU,1137704
Maputo,32.5833,MZ,1133200
Bukavu,28.8667,CD,1133000
Amritsar,74.86,IN,1132383
Shagamu,3.65,NG,1132270
Yingchuan,113.4733,CN,1131896
Alīgarh,78.08,IN,1131160
Santo Domingo,-69.95,DO,1128678
Bogor,106.7972,ID,1127408
Bishkek,74.6122,KG,1120827
Tbilisi,44.7925,GE,1118035
Guwāhāti,91.7458,IN,1116267
Ufa,55.9475,RU,1115560
Fès,-5.0033,MA,1112072
Mwanza,32.9,TZ,1104521
Biên Hòa,106.8167,VN,1104000
Mexicali,-115.4678,MX,1102342
Sevilla,-5.99,ES,1100000
Ikare,5.75,NG,1099931
Dongtai,120.519,CN,1098100
Dingzhou,114.99,CN,1095986
Xibeijie,98.4943,CN,1095947
Tamale,-0.8533,GH,1095808
Yuyao,121.15,CN,1095000
Hanchuan,113.8274,CN,1092700
Gongzhuling,124.8224,CN,1092692
N’Djamena,15.05,TD,1092066
Ubungo,39.2056,TZ,1086912
Cologne,6.9528,DE,1084831
Krasnoyarsk,92.8719,RU,1083865
Zhufeng,119.4167,CN,1081960
Ezhou,114.8949,CN,1079353
Astana,71.4222,KZ,1078362
Nezahualcóyotl,-99.0186,MX,1077208
Nouakchott,-15.9785,MR,1077169
Hāora,88.3294,IN,1077075
Tongjin,127.2,KR,1076369
Xiashi,120.6833,CN,1076199
Yerevan,44.5144,AM,1075800
Rānchi,85.33,IN,1073440
Richmond,-77.4756,US,1073223
Ciudad Nezahualcóyotl,-99.0148,MX,1072676
Gwalior,78.1772,IN,1069276
Ottawa,-75.695,CA,1068821
Zhongwei,105.1968,CN,1067336
Oslo,10.7389,NO,1064235
Goyang,126.8,KR,1061929
Sendai,140.8694,JP,1061177
Xishan,113.497,CN,1060000
Mizhou,119.3801,CN,1060000
Barquisimeto,-69.3347,VE,1059092
Hegang,130.298,CN,1058665
Chandīgarh,76.78,IN,1055450
Voronezh,39.2106,RU,1051995
Managua,-86.2514,NI,1051236
Haldwāni,79.52,IN,1050000
Vijayavāda,80.6305,IN,1048240
Perm,56.3167,RU,1048005
Fangchenggang,108.3547,CN,1046068
Jiancheng,104.5465,CN,1045900
Cazenga,13.2911,AO,1045722
Kisangani,25.2,CD,1040000
Shouguang,118.791,CN,1039205
Memphis,-89.9663,US,1037998
São Luís,-44.3044,BR,1037775
Jodhpur,73.02,IN,1033918
Matola,32.4667,MZ,1032197
Ogbomoso,4.25,NG,1032000
Sanya,109.5036,CN,1031396
Rangapukur,89.25,BD,1031388
Ashgabat,58.38,TM,1030063
Wutong,120.5333,CN,1029754
Linhai,121.1167,CN,1028813
Denizli,29.0964,TR,1027782
Niamey,2.1175,NE,1026848
Shubrā al Khaymah,31.2422,EG,1025569
Wafangdian,121.9796,CN,1024876
Zhongxiang,112.5853,CN,1022514
Monrovia,-10.8014,LR,1021762
San Cristóbal,-72.2333,VE,1015623
Islamabad,73.0639,PK,1014825
Xinyi,110.9468,CN,1013900
Thủ Đức,106.7609,VN,1013795
Morelia,-101.1894,MX,1011704
Odesa,30.7326,UA,1010537
Raipur,81.6306,IN,1010087
Changwon,128.6631,KR,1009998
Arequipa,-71.5333,PE,1008290
Volgograd,44.5147,RU,1004763
Zaoyang,112.772,CN,1004741
Xingyi,104.8955,CN,1004132
Shuizhai,114.8994,CN,1003698
Kota,75.83,IN,1001694
Quetta,67,PK,1001205
Domaa-Ahenkro,-2.8833,GH,1000000
Bareilly,79.415,IN,1000000
Quảng Hà,108.2667,VN,1000000
Oklahoma City,-97.5136,US,998806
Bordeaux,-0.58,FR,994920
Xingcheng,115.73,CN,993000
Taixing,120.029,CN,990200
Xinhualu,113.7402,CN,989900
Lilongwe,33.7833,MW,989318
Port-au-Prince,-72.3333,HT,987310
Yingcheng,113.401,CN,986400
Al Mijlad,27.74,SD,985000
Luocheng,111.5697,CN,984100
Pekanbaru,101.4453,ID,983356
Natal,-60.2699,BR,980588
Chiba,140.1064,JP,975014
Kirkuk,44.3167,IQ,975000
Hartford,-72.6834,US,974684
Huilong,121.703,CN,972525
Wuchuan,110.779,CN,972400
Dnipro,35.04,UA,968502
Nārāyanganj,90.5,BD,967951
Gqeberha,25.6,ZA,967677
Málaga,-4.42,ES,967250
Marrakech,-8.0089,MA,966987
Cebu City,123.75,PH,964169
Louisville,-85.6485,US,963812
Asmara,38.925,ER,963000
Coimbatore,76.9556,IN,959823
Maceió,-35.735,BR,957916
Nada,109.5808,CN,954259
Taishan,112.785,CN,953900
Teresina,-42.8042,BR,953172
Solāpur,75.92,IN,951558
Freetown,-13.2344,SL,951000
Santo Domingo Este,-69.8734,DO,948855
Krasnodar,38.9667,RU,948827
Vientiane,102.63,LA,948487
Tangier,-5.8039,MA,947952
Anqiu,119.219,CN,947723
Kermānshāh,47.0933,IR,946651
Feicheng,116.7719,CN,946627
Kibanseke Première,15.395,CD,946372
Seberang Jaya,100.3695,MY,946092
Buffalo,-78.8487,US,944589
Hubli,75.1376,IN,943788
El Alto,-68.1633,BO,943000
Çankaya,32.8856,TR,942553
Hwasu-dong,126.8314,KR,941489
Setagaya,139.6532,JP,940071
Keçiören,32.8667,TR,939279
Jerusalem,35.2256,IL,936425
Khartoum North,32.6333,SD,936349
Meishan,112.839,CN,936000
Mushin,3.35,NG,935400
Trujillo,-79.0288,PE,935147
Kitakyūshū,130.8833,JP,935084
Aguascalientes,-102.296,MX,934424
New Orleans,-89.9288,US,932759
Fort Worth,-97.3474,US,924663
Taihe,105.3784,CN,924531
Riga,24.1064,LV,920643
Xin’an,118.355,CN,920628
Taihecun,131.003,CN,920471
Kashgar,75.9938,CN,920000
Sŏngnam,127.15,KR,918771
Trichinopoly,78.7047,IN,916857
Cartagena,-75.5,CO,914552
Qingzhou,118.4796,CN,914047
Naples,14.25,IT,913462
Santiago del Estero,-64.2667,AR,911506
Naucalpan de Juárez,-99.2378,MX,910407
Daye,114.9804,CN,909724
Hengzhou,109.2614,CN,909400
Padang,100.3531,ID,909040
Bridgeport,-73.1954,US,908251
Owerri,7.035,NG,908109
Zhuanghe,122.967,CN,905852
Bobo-Dioulasso,-4.2833,BF,903887
Ad Dammām,50.1,SA,903312
Quzhou,118.8593,CN,902767
Donetsk,37.8053,UA,901645
Ashmūn,31.0342,EG,901191
Bunia,30.25,CD,900666
Jiaozhou,120.0334,CN,900500
Campo Grande,-54.615,BR,897938
Wuchang,127.158,CN,897705
São Gonçalo,-43.0539,BR,896744
Bucaramanga,-73,CO,893040
Mérida,-89.62,MX,892363
Yangchun,111.7916,CN,891800
Osmangazi,29.06,TR,891250
Esenyurt,28.68,TR,891120
Morādābād,78.7764,IN,889810
Bangui,18.5628,CF,889231
Abeokuta,3.3483,NG,888924
Cancún,-86.8475,MX,888797
Antipolo,121.1763,PH,887399
Dengtalu,114.1066,CN,887000
Taguig City,121.05,PH,886722
Tabūk,36.5789,SA,886036
Zhoushan,122.2074,CN,882932
Tucson,-110.8787,US,878320
As Sulaymānīyah,45.4356,IQ,878146
Chihuahua,-106.0769,MX,878062
Klang,101.45,MY,878000
Tiruppūr,77.3411,IN,877778
Gurgaon,77.029,IN,876824
Ar Ramādī,43.2992,IQ,874543
Hai’an,120.563,CN,874334
Laiyang,120.7136,CN,874127
Barinas,-70.2,VE,873962
Jalandhar,75.4432,IN,873725
Marseille,5.37,FR,873076
Kaifeng Chengguanzhen,114.3481,CN,872000
Eskişehir,30.5206,TR,871187
Gaomi,119.75,CN,868715
Lhasa,91.1719,CN,867891
Ipoh,101.075,MY,866772
El Paso,-106.43,US,865270
Saltillo,-100.9919,MX,864431
Dushanbe,68.78,TJ,863400
Ikeja,3.35,NG,861300
El Dorado,-107.397,MX,858638
Cochabamba,-66.1597,BO,856198
Portsmouth,-1.0872,GB,855679
Tyumen,65.5333,RU,855600
Southampton,-1.4042,GB,855569
Hermosillo,-110.9542,MX,855563
Wuxi,111.841,CN,853197
Leping,117.152,CN,852800
Cheongju,127.4833,KR,852018
Shache,77.25,CN,851374
Sale,-6.8,MA,850403
Hailun,126.9667,CN,850000
Macheng,115.008,CN,849090
Akure,5.195,NG,847903
Ilorin,4.55,NG,847582
Erbil,44.0092,IQ,846000
Kathmandu,85.32,NP,845767
Saratov,46.0167,RU,845300
Iguaçu,-43.47,BR,844583
Zijinglu,112.9667,CN,843900
Turin,7.6761,IT,841600
Yuci,112.7281,CN,840000
Dehui,125.703,CN,839786
Pietermaritzburg,30.3833,ZA,839327
Durban,31.05,ZA,838634
Bhubaneshwar,85.8281,IN,837737
Denpasar,115.2167,ID,834881
Tongchuan,108.945,CN,834437
João Pessoa,-34.88,BR,833932
Samarinda,117.1378,ID,831460
Chengxiang,121.174,CN,831113
Rongjiawan,113.1087,CN,826000
Weichanglu,119.9333,CN,824708
Sakai,135.4831,JP,824408
Renqiu,116.084,CN,822455
Omaha,-96.0529,US,821345
Xindi,113.476,CN,819446
Wu’an,114.204,CN,819000
Qingping,113.391,CN,817000
Gaoyou,119.4432,CN,811800
São Bernardo do Campo,-46.55,BR,810729
Yiyang,112.3999,CN,810447
Hejian,116.0995,CN,810306
Puxi,114.735,CN,809535
Bhayandar,72.85,IN,809378
Androtsy,46.3,MG,809313
Culiacán,-107.3939,MX,808416
Cúcuta,-72.5039,CO,806378
Danyang,119.586,CN,806300
Dongyang,120.2167,CN,804398
Kraków,19.9372,PL,804237
Pasig City,121.0765,PH,803159
Thessaloníki,22.9347,GR,802572
Querétaro,-100.3928,MX,801940
Palermo,-75.4375,CO,800000
Xigazê,88.8833,CN,798153
Qamdo,97.17,CN,798067
McAllen,-98.2467,US,797341
Libreville,9.4542,GA,797003
Seyhan,35.3328,TR,795012
San Pedro Sula,-88.0333,HN,793835
Niigata,139.0364,JP,790646
Hempstead,-73.6089,US,789763
Leeds,-1.5436,GB,789194
Hamamatsu,137.7275,JP,788211
Pointe-Noire,11.8503,CG,787799
Xiangxiang,112.5502,CN,787216
Birmingham,-86.7971,US,782111
Chaohucun,117.8902,CN,782000
Bucheon,126.7833,KR,781119
Lubango,13.5,AO,776249
Homs,36.7094,SY,775404
Bilbao,-2.9236,ES,775000
Zouping,117.743,CN,774517
Frankfurt,8.6822,DE,773068
San Luis Potosí,-100.9761,MX,772828
Dali,100.2676,CN,771128
Fuyang,119.95,CN,771000
Khŭjand,69.6333,TJ,770000
Korla,86.1746,CN,770000
Albuquerque,-106.6465,US,769986
Hamhŭng,127.5333,KP,768551
Erzurum,41.2769,TR,767848
Zagreb,15.9775,HR,767131
Al ‘Ayn,55.7447,AE,766936
Songzi,111.757,CN,765911
Patiāla,76.38,IN,763280
Laixi,120.5333,CN,762900
Zhongba,104.755,CN,762140
Bahawalpur,71.6836,PK,762111
Qingnian,115.7061,CN,760781
Kaduna,7.4333,NG,760084
Winnipeg,-97.1464,CA,758515
Trabzon,39.7225,TR,758237
Guangshui,113.826,CN,755910
Baardheere,42.2833,SO,755500
Shīshgarh,79.32,IN,753815
Nerima,139.6517,JP,752608
Sizhan,106.3828,CN,751389
Ciudad Guayana,-62.65,VE,751331
Natal,-35.2,BR,751300
Lichuan,108.9364,CN,750670
Licheng,119.4788,CN,749522
Santo André,-46.5333,BR,748919
Ōta-ku,139.7161,JP,748081
Gaalkacyo,47.4308,SO,745000
Thiruvananthapuram,76.9366,IN,743691
Osasco,-46.7919,BR,743432
Nampula,39.2667,MZ,743000
Pretoria,28.1881,ZA,741651
Kyaukse,96.1303,MM,741071
Chengguan,113.8054,CN,740435
Nehe,124.8833,CN,740000
Cabinda,12.19,AO,739182
Kumamoto,130.7078,JP,738385
Kermān,57.0678,IR,738374
Zunhua,117.966,CN,737011
Orūmīyeh,45.0647,IR,736224
Wugang,110.6319,CN,734870
Bağcılar,28.8564,TR,734369
Quebec City,-71.2081,CA,733156
Shuangqiao,112.602,CN,733000
Umraniye,29.1081,TR,732379
Yanggok,127.2167,KR,732376
Tshikapa,20.8,CD,732000
Tulsa,-95.9042,US,731743
Osogbo,4.5667,NG,731000
Comodoro Rivadavia,-67.4808,AR,730266
Nottingham,-1.1512,GB,729977
Hamilton,-79.8692,CA,729560
Langzhong,106.005,CN,728935
Cagayan de Oro,124.65,PH,728402
Qian’an,118.701,CN,728160
Fresno,-119.7939,US,725276
An Najaf,44.33,IQ,724700
Cencheng,111,CN,724364
Sorocaba,-47.4581,BR,723574
Guli,120.0333,CN,723490
Sagamihara,139.3667,JP,722973
Pīshbar,59.9789,IR,720207
Okayama,133.9167,JP,720043
Anlu,113.6667,CN,720000
Concepción,-73.0514,CL,719944
Mississauga,-79.65,CA,717961
Changsha,112.6982,CN,717700
Songyang,113.0253,CN,717400
Lviv,24.0322,UA,717273
Shihezi,86.0804,CN,717000
Vilnius,25.28,LT,716856
Marka,44.7656,SO,716361
Enugu,7.5111,NG,715774
Valenzuela,120.98,PH,714978
Yatou,122.4867,CN,714211
Uberlândia,-48.2886,BR,713232
Xichang,102.2644,CN,712434
Zaporizhzhia,35.1175,UA,710052
Bhiwandi,73.0631,IN,709665
George Town,100.3292,MY,708127
Bristol,-2.5975,GB,707412
Charleston,-79.9687,US,706884
Sahāranpur,77.546,IN,705478
Dashiqiao,122.5167,CN,704891
Yenimahalle,32.8119,TR,704652
Warangal,79.5941,IN,704570
Nampo,125.4,KP,703317
Dasmariñas,120.94,PH,703141
Jaboatão,-35.0014,BR,702621
Chisinau,28.8353,MD,702300
Shiliguri,88.43,IN,701489
Boosaaso,49.1819,SO,700906
Latakia,35.7833,SY,700000
Port Moresby,147.1494,PG,700000
Rochester,-77.6162,US,699921
Ribeirão Prêto,-47.8067,BR,698259
Edogawa,139.8833,JP,697932
São José dos Campos,-45.8869,BR,697428
General Santos,125.17,PH,697315
Ḩamāh,36.75,SY,696863
Qianxi,106.0323,CN,695947
Bauchi,9.8442,NG,693700
Pendik,29.235,TR,693599
Salem,78.15,IN,693236
Shishi,118.7,CN,693000
Sinnūris,30.8667,EG,692701
Cocody,-3.9667,CI,692583
Miluo Chengguanzhen,113.16,CN,692080
Lokoja,6.7442,NG,692050
Guadalupe,-100.2597,MX,691931
Gaizhou,122.35,CN,691595
Karbalā’,44.0333,IQ,690100
Borvāyeh-ye Al Bū ‘Azīz,48.6147,IR,690000
City of Parañaque,120.9915,PH,689992
Leling,117.232,CN,689867
Mamak,32.9231,TR,687535
Jianshe,113.7629,CN,687130
Tolyatti,49.4222,RU,685619
Shizuoka,138.3828,JP,685589
Jingcheng,120.263,CN,684360
Agege,3.3258,NG,683600
Mar del Plata,-57.55,AR,682605
Zaragoza,-0.8833,ES,682513
Adachi,139.8,JP,682326
Xinmin,122.823,CN,680000
Rasht,49.5889,IR,679995
Shanhu,120.8167,CN,679762
Zhongshu,106.4013,CN,679624
Cotonou,2.4333,BJ,679012
Tasikmalaya,108.1975,ID,678027
Kochi,76.2673,IN,677381
Soledad,-74.75,CO,676014
Dhūlia,74.7697,IN,675000
Acapulco de Juárez,-99.8825,MX,673478
Gorakhpur,83.4039,IN,673446
Bahār,48.4425,IR,673405
Kumul,93.5151,CN,673383
Wrocław,17.0325,PL,672929
Murcia,-1.1303,ES,672773
Pinghu,121.0104,CN,671834
Guankou,103.647,CN,671200
Łódź,19.4547,PL,670642
Guntūr,80.4428,IN,670073
Bhāngar,88.42,IN,670000
Dayton,-84.2003,US,668825
Ch’ŏngjin,129.7667,KP,667929
Qionghu,112.598,CN,667104
Zhaodong,125.962,CN,666532
Puyang Chengguanzhen,114.98,CN,666322
Bulawayo,28.58,ZW,665940
Huambo,15.7347,AO,665564
Aracaju,-37.05,BR,664908
Bacoor,120.9645,PH,664625
Wenchang,116.9507,CN,664455
Rotterdam,4.48,NL,664311
Tlaquepaque,-103.3167,MX,664193
Villavicencio,-73.6333,CO,664148
Shulan,126.9655,CN,663403
Makhachkala,47.4833,RU,662600
Banjarmasin,114.5925,ID,662230
Narela,77.0929,IN,661994
Catia La Mar,-67.0333,VE,661897
Al Hufūf,49.5833,SA,660788
Jalingo,11.3667,NG,660213
Sargodha,72.6711,PK,659862
Karaikandi,92.6143,IN,659260
Bouaké,-5.0167,CI,659233
Lingbao Chengguanzhen,110.8942,CN,656571
Brampton,-79.7667,CA,656480
Abomey-Calavi,2.3556,BJ,655965
Durango,-104.6675,MX,654876
Cape Coral,-81.9957,US,654405
Tondo,120.967,PH,654220
Dayrūţ,30.8167,EG,653847
Tlalnepantla,-99.1947,MX,653410
Ansan,126.8333,KR,652800
Xiping,103.8166,CN,652604
Huế,107.5792,VN,652572
Sanhe,117.0833,CN,652042
San Jose del Monte,121.0453,PH,651813
Ch’ŏnan,127.1475,KR,651661
Cuiabá,-56.0969,BR,650912
Jieshou,115.3746,CN,650870
Ērer Sātā,41.3833,ET,649000
Selçuklu,32.4922,TR,648850
Suohe,113.35,CN,648700
Guixi,117.2454,CN,647240
Izhevsk,53.1833,RU,646277
Honchō,139.9826,JP,644668
Wuxue,115.561,CN,644247
Jaboatão dos Guararapes,-35.0156,BR,643759
Yıldırım,29.0821,TR,643681
Bhāvnagar,72.15,IN,643365
Jinghong,100.797,CN,642737
Tengyue,98.4833,CN,642481
Mission Viejo,-117.6551,US,642211
Ruiming,116.027,CN,640600
Qufu,116.9862,CN,640498
Sha Tin,114.1898,HK,640000
Petaling Jaya,101.6444,MY,638516
Colorado Springs,-104.7605,US,638194
Noida,77.32,IN,637272
Xinshi,113.1167,CN,636776
Baton Rouge,-91.1311,US,635671
Las Palmas,-15.4353,ES,635000
Manama,50.5775,BH,635000
Chak Forty-one,73.85,PK,634236
Jin’e,105.2875,CN,633210
Benghazi,20.0667,LY,631555
Chuxiong,101.5459,CN,631530
Barnaul,83.7764,RU,631124
Palermo,13.3517,IT,630167
Makati City,121.0214,PH,629616
Düsseldorf,6.7833,DE,629047
Allentown,-75.4756,US,627863
Xinxing,124.15,CN,627475
Ţūkh,31.2007,EG,627290
Glasgow,-4.25,GB,626410
Namangan,71.6683,UZ,626120
Bazal’tove,26.16,UA,625543
Al Qaţīf,49.996,SA,625092
Bhilai,81.38,IN,624700
Ulyanovsk,48.3667,RU,624518
Mangalore,74.8425,IN,623841
Kaihua,104.233,CN,623772
Irkutsk,104.2833,RU,623736
Meilan,110.403,CN,623667
Bazhou,116.3833,CN,622975
Ogden,-111.9682,US,622918
Turpan,89.1895,CN,622903
Jos,8.8903,NG,622802
Al Manşūrah,31.3833,EG,621953
Contagem,-44.0539,BR,621865
Jambi,103.61,ID,619553
Ḩalwān,31.3333,EG,619293
Provo,-111.6457,US,619218
Tân An,106.6994,VN,618984
Port-Bouët,-3.9,CI,618795
Pontianak,109.3414,ID,618388
Meihekou,125.7107,CN,618251
Jurong,119.164,CN,617706
Bihtā,84.87,IN,617427
Yuhuan,121.2288,CN,616346
Joinvile,-48.8437,BR,616323
Feira de Santana,-38.95,BR,616279
Khabarovsk,135.0833,RU,616242
Leipzig,12.375,DE,616093
Xinji,115.218,CN,615919
Knoxville,-83.9496,US,615829
Ta‘izz,44.0219,YE,615467
Etimesgut,32.6694,TR,614891
Changping,116.1944,CN,614821
Tallinn,24.7453,EE,614561
Chimalhuacán,-98.9,MX,614453
Kandahār,65.7158,AF,614254
Serang,106.1503,ID,613356
Zhangshu,115.5462,CN,610424
Grand Rapids,-85.6562,US,609023
Yukarıkaraman,30.6833,TR,608675
Gothenburg,11.9675,SE,607882
Kuantan,103.3333,MY,607778
Gold Coast,153.4,AU,607665
Kawaguchi,139.7241,JP,607373
Las Piñas City,120.98,PH,606293
Cuttack,85.7881,IN,606007
San Miguel de Tucumán,-65.2167,AR,605767
Ar Rayyān,51.4,QA,605712
Salīmpur,83.9167,IN,604483
Malanje,16.35,AO,604215
Columbia,-80.9036,US,604065
Kryvyi Rih,33.39,UA,603904
Djibouti,43.145,DJ,603900
Zhuozhou,115.974,CN,603535
Tianchang,119.0137,CN,602840
Tunis,10.1817,TN,602560
Yaroslavl,39.85,RU,601403
Bacolod,122.9509,PH,600783
Bafoussam,10.4167,CM,600000
Garoua,13.4,CM,600000
Haifa,34.9992,IL,600000
Raurkela,84.8828,IN,600000
Tumkūr,77.1,IN,599078
Balikpapan,116.8277,ID,598043
Somolu,3.3872,NG,597400
Vladivostok,131.9,RU,597240
Al Ḩillah,46.7564,SA,594605
Melikgazi,35.5,TR,594344
Kagoshima,130.55,JP,593754
Sihui,112.7338,CN,593400
Dortmund,7.4653,DE,593317
Irapuato,-101.35,MX,592953
Al Maḩallah al Kubrá,31.1636,EG,592573
Sialkot City,74.5311,PK,591668
Luocheng,104.25,CN,591115
Albany,-73.7987,US,590694
Pereira,-75.6946,CO,590554
Gaza,34.456,XG,590481
Uvira,29.15,CD,590000
Reynosa,-98.2778,MX,589466
Zāhedān,60.8558,IR,587730
Cimahi,107.5548,ID,586580
Mbale,34.175,UG,586300
Wenlan,103.3649,CN,585976
Shangzhi,127.962,CN,585386
Essen,7.0131,DE,584580
Itabashi,139.6833,JP,584483
Shah Alam,101.5167,MY,584340
Botou,116.5833,CN,584308
Suginami-ku,139.6364,JP,583609
Kingston,-76.7931,JM,580000
Al Mafraq,36.2052,JO,580000
Tenkāsi,77.3152,IN,580000
Aţ Ţā’if,40.4062,SA,579970
Port Sudan,37.2167,SD,579942
Tuxtla,-93.1167,MX,578830
Dehra Dūn,78.029,IN,578420
Xiulin,112.4254,CN,577022
Fu’an,119.6333,CN,577000
Mymensingh,90.4031,BD,576927
Hachiōji,139.316,JP,575721
Iloilo,122.57,PH,574000
Puente Alto,-70.5667,CL,573935
Tomsk,84.9667,RU,572740
Rabat,-6.8416,MA,572717
Sincan,32.5767,TR,572609
Bakersfield,-119.0359,US,571992
Kottayam,76.5222,IN,571856
Luofeng,120.396,CN,570898
Shibīn al Qanāţir,31.3214,EG,570868
Nakuru,36.0667,KE,570674
Lingyuan,119.4,CN,570660
Tonalá,-103.2333,MX,569913
Bremen,8.8072,DE,569396
Abū Ḩummuş,30.3128,EG,569157
Irbid,35.85,JO,569068
Macau,113.5461,MO,568700
Surrey,-122.8489,CA,568322
Ciudad Bolívar,-63.55,VE,567953
Durgāpur,87.32,IN,566937
Shenzhou,115.56,CN,566087
New Haven,-72.9246,US,565572
Orenburg,55.1,RU,564773
Kuiju,119.4,CN,564501
Zhenzhou,119.1848,CN,564021
Āsansol,86.99,IN,563917
Bokaro Steel City,86.15,IN,563417
Dresden,13.74,DE,563311
Bello,-75.5667,CO,561955
Kolhāpur,74.2333,IN,561489
Wencheng,110.7551,CN,560894
Lanxi,119.458,CN,560514
Nava Raipur,81.787,IN,560000
Dangyang,111.789,CN,560000
Kemerovo,86.0667,RU,558973
Genoa,8.9328,IT,558745
Herāt,62.2031,AF,556205
Londrina,-51.1628,BR,555937
Cuautitlán Izcalli,-99.25,MX,555163
Uyo,7.9275,NG,554906
Hamadān,48.5161,IR,554406
Luanzhou,118.704,CN,554315
Chiclayo,-79.8366,PE,552508
Surakarta,110.8167,ID,552118
Novokuznetsk,87.1333,RU,552105
Ajmer,74.6399,IN,551101
Kimhae,128.8811,KR,550758
Nānded,77.3,IN,550439
Palma,2.65,ES,550000
Wuhai,106.794,CN,550000
Rustenburg,27.2428,ZA,549575
Amrāvati,77.7647,IN,549370
Des Moines,-93.6105,US,548926
Lisbon,-9.15,PT,548703
Yanji,129.5,CN,548700
Huanghua,117.33,CN,548507
Al Ḩudaydah,42.9511,YE,548433
Anyang,126.9333,KR,548372
The Hague,4.31,NL,548320
Andijon,72.3333,UZ,547800
Manchester,-2.2452,GB,547627
Nellore,79.99,IN,547621
Poznań,16.9336,PL,546859
Samarkand,66.9758,UZ,546303
Xingcheng,120.7333,CN,546176
Wancheng,110.4,CN,545992
Kaiyuan,124.038,CN,545624
Hannover,9.7167,DE,545045
Sungai Petani,100.5,MY,544851
Valledupar,-73.25,CO,544134
Fengcheng,124.0667,CN,543933
Muntinlupa City,121.05,PH,543445
Ghulja,81.35,CN,542507
Ixtapaluca,-98.8822,MX,542211
Fuding,120.2,CN,542000
Heroica Matamoros,-97.5042,MX,541979
Akron,-81.5219,US,541945
Mbeya,33.45,TZ,541603
An Nāşirīyah,46.2575,IQ,541600
Xiangyang,108.4905,CN,541554
Ibagué,-75.2333,CO,541101
Al Ḩillah,44.4314,IQ,541034
Juiz de Fora,-43.3494,BR,540756
City of Calamba,121.17,PH,539671
El Geneina,22.45,SD,538390
Santa Cruz,-16.25,ES,538000
Ryazan,39.7425,RU,537622
Chang’an,113.4504,CN,537500
Florianópolis,-48.4853,BR,537213
Nilüfer,28.95,TR,536365
Antwerp,4.4003,BE,536079
Kassala,36.4,SD,536009
Aksu,80.2904,CN,535657
Salta,-65.4167,AR,535303
Dispur,91.7925,IN,534872
Palm Bay,-80.6593,US,534348
Naberezhnyye Chelny,52.3167,RU,533839
Gulbarga,76.825,IN,533587
Nansana,32.5286,UG,532800
Mingguang,117.9667,CN,532732
Concord,-122.0016,US,531175
Beira,34.85,MZ,530604
Yazd,54.3397,IR,529673
Ardabīl,48.29,IR,529374
Touba,-15.8833,SN,529176
Bīkaner,73.3169,IN,529007
Gaobeidian,115.874,CN,528903
Ndola,28.6325,ZM,528330
Himeji,134.6833,JP,527596
Ailan Mubage,81.2777,CN,526745
Bandar ‘Abbās,56.2878,IR,526648
Skopje,21.4317,MK,526502
Santa Teresa del Tuy,-66.6639,VE,525321
Port Said,32.3061,EG,524433
Astrakhan,48.035,RU,524371
Kōtō-ku,139.8167,JP,524310
Ciudad Apodaca,-100.1886,MX,523370
Montería,-75.8833,CO,523150
Nuremberg,11.0775,DE,523026
Kitchener,-80.4728,CA,522888
Yucheng,116.638,CN,522878
Nāgercoil,77.4306,IN,522759
Agartala,91.2869,IN,522613
Soacha,-74.2214,CO,522442
Buca,27.1667,TR,522404
Lyon,4.84,FR,522250
Maipú,-70.7667,CL,521627
Arāk,49.6933,IR,520944
Serra,-40.3078,BR,520649
Tultitlán de Mariano Escobedo,-99.1694,MX,520557
Meknès,-5.5547,MA,520428
Bắc Ninh,106.05,VN,520000
Longzhou,112.23,CN,520000
Anda,125.352,CN,520000
Al Fayyūm,30.8441,EG,519047
Utsunomiya,139.8826,JP,518197
Sheffield,-1.4703,GB,518090
Mixco,-90.6064,GT,517505
Suez,32.55,EG,516959
Heshan,112.95,CN,516500
Penza,45,RU,516450
Loni,77.28,IN,516082
Jiaji,110.4642,CN,515700
Santa Marta,-74.2053,CO,515556
Ujjain,75.79,IN,515215
Beining,121.8,CN,514898
Abū Ţisht,32.0953,EG,514535
Maturín,-63.183,VE,514046
Liverpool,-2.9785,GB,513441
Macapá,-51.05,BR,512902
Benguela,13.4167,AO,512886
Yicheng,112.257,CN,512530
Al Fashn,30.8992,EG,512242
Al ‘Amārah,47.15,IQ,511500
Carrefour,-72.4094,HT,511345
Campos,-41.3239,BR,511168
Cadaado,46.6256,SO,510654
Encheng,112.3,CN,509700
Bhīlwāra,74.63,IN,509483
Bibā,30.9844,EG,509384
Wichita,-97.3443,US,509003
Leicester,-1.1319,GB,508916
Newcastle,29.9328,ZA,507710
Hải Dương,106.3306,VN,507469
Aden,45.0333,YE,507355
Jhānsi,78.5696,IN,507000
Matsuyama,132.7667,JP,506743
Ulhāsnagar,73.15,IN,506098
Nagqu,92.051,CN,504838
Kitwe,28.2,ZM,504194
Vellore,79.1325,IN,504079
Toulouse,1.444,FR,504078
Pohang,129.365,KR,503780
Mesa,-111.7178,US,503390
Lipetsk,39.6,RU,503216
Duisburg,6.7625,DE,502211
Jammu,74.87,IN,502197
Ile-Ife,4.5667,NG,501952
Homyel’,30.9842,BY,501802
Kirov,49.6833,RU,501468
Mazatlán,-106.4167,MX,501441
Meicheng,116.581,CN,500292
Talatona,13.1833,AO,500000
Belas,13.265,AO,500000
El Fasher,25.35,SD,500000
Farāh,62.1194,AF,500000
Nenjiang,125.13,CN,500000